IP,数据中心,网络延迟
172.64.228.0/24,NRT,134 ms
104.21.62.0/24,LAX,347 ms
104.21.199.0/24,LAX,347 ms
162.159.45.0/24,LAX,362 ms
104.21.193.0/24,LAX,382 ms
162.159.39.0/24,LAX,383 ms
104.21.206.0/24,SEA,386 ms
104.21.204.0/24,SEA,389 ms
104.21.195.0/24,SEA,402 ms
104.21.207.0/24,LAX,406 ms
172.67.143.0/24,LAX,415 ms
104.21.192.0/24,SEA,415 ms
104.21.63.0/24,LAX,428 ms
104.21.49.0/24,LAX,432 ms
104.20.17.0/24,HKG,441 ms
104.21.54.0/24,SEA,441 ms
104.21.198.0/24,LAX,447 ms
104.20.22.0/24,HKG,452 ms
104.20.26.0/24,HKG,453 ms
104.20.31.0/24,HKG,454 ms
104.20.29.0/24,HKG,458 ms
104.20.20.0/24,HKG,463 ms
104.20.30.0/24,HKG,464 ms
104.20.19.0/24,HKG,470 ms
104.20.16.0/24,HKG,470 ms
104.20.27.0/24,HKG,476 ms
104.20.21.0/24,HKG,485 ms
104.20.25.0/24,HKG,488 ms
104.20.23.0/24,HKG,505 ms
104.20.155.0/24,SJC,508 ms
104.20.15.0/24,SJC,509 ms
104.19.6.0/24,SJC,512 ms
104.21.229.0/24,SJC,513 ms
104.20.53.0/24,SJC,514 ms
104.20.206.0/24,SJC,515 ms
104.19.43.0/24,SJC,515 ms
104.21.113.0/24,SJC,518 ms
104.20.18.0/24,HKG,521 ms
104.20.208.0/24,SJC,521 ms
104.20.177.0/24,SJC,522 ms
104.20.76.0/24,SJC,522 ms
104.23.122.0/24,SJC,523 ms
104.27.68.0/24,SJC,523 ms
104.20.165.0/24,SJC,524 ms
104.23.118.0/24,SJC,524 ms
104.20.136.0/24,SJC,524 ms
104.21.126.0/24,SJC,525 ms
104.20.173.0/24,SJC,525 ms
104.21.83.0/24,SJC,525 ms
104.20.94.0/24,SJC,525 ms
104.27.22.0/24,SJC,526 ms
104.21.24.0/24,SJC,527 ms
104.21.47.0/24,SJC,527 ms
104.20.200.0/24,SJC,527 ms
104.22.71.0/24,SJC,528 ms
104.20.77.0/24,SJC,528 ms
104.19.173.0/24,SJC,529 ms
104.20.191.0/24,SJC,529 ms
104.19.206.0/24,SJC,530 ms
104.21.89.0/24,SJC,530 ms
104.20.184.0/24,SJC,531 ms
104.27.19.0/24,SJC,531 ms
104.21.103.0/24,SJC,532 ms
104.27.194.0/24,SJC,532 ms
198.217.251.0/24,SJC,532 ms
104.23.120.0/24,SJC,532 ms
104.24.214.0/24,SJC,532 ms
104.27.44.0/24,SJC,532 ms
104.22.70.0/24,SJC,532 ms
104.23.123.0/24,SJC,533 ms
104.20.92.0/24,SJC,533 ms
104.22.37.0/24,SJC,534 ms
104.20.107.0/24,SJC,534 ms
172.67.253.0/24,SJC,535 ms
104.22.23.0/24,SJC,535 ms
104.20.110.0/24,SJC,535 ms
104.19.217.0/24,SJC,535 ms
104.27.23.0/24,SJC,536 ms
104.20.36.0/24,SJC,536 ms
104.21.115.0/24,SJC,536 ms
104.20.59.0/24,SJC,537 ms
104.19.42.0/24,SJC,538 ms
104.19.34.0/24,SJC,538 ms
104.20.243.0/24,SJC,538 ms
104.24.235.0/24,SJC,538 ms
104.20.60.0/24,SJC,538 ms
104.20.98.0/24,SJC,538 ms
104.21.211.0/24,SJC,539 ms
104.22.18.0/24,SJC,539 ms
104.25.10.0/24,SJC,539 ms
104.19.60.0/24,SJC,540 ms
104.19.179.0/24,SJC,540 ms
104.20.116.0/24,SJC,540 ms
104.27.16.0/24,SJC,540 ms
104.27.92.0/24,SJC,541 ms
104.20.125.0/24,SJC,541 ms
104.20.178.0/24,SJC,542 ms
104.20.179.0/24,SJC,542 ms
104.20.239.0/24,SJC,542 ms
104.19.21.0/24,SJC,542 ms
104.20.229.0/24,SJC,543 ms
104.21.22.0/24,SJC,543 ms
104.19.191.0/24,SJC,543 ms
104.20.66.0/24,SJC,543 ms
104.20.190.0/24,SJC,544 ms
104.20.13.0/24,SJC,544 ms
104.21.76.0/24,SJC,544 ms
104.20.161.0/24,SJC,545 ms
104.20.139.0/24,SJC,545 ms
104.27.42.0/24,SJC,545 ms
104.20.170.0/24,SJC,545 ms
104.20.111.0/24,SJC,546 ms
104.24.54.0/24,SJC,546 ms
104.20.218.0/24,SJC,546 ms
104.21.78.0/24,SJC,547 ms
104.21.116.0/24,SJC,547 ms
104.23.124.0/24,SJC,547 ms
104.21.208.0/24,SJC,548 ms
104.20.81.0/24,SJC,548 ms
104.20.187.0/24,SJC,548 ms
104.20.12.0/24,SJC,548 ms
104.19.61.0/24,SJC,549 ms
104.21.221.0/24,SJC,549 ms
104.27.80.0/24,SJC,550 ms
104.20.115.0/24,SJC,550 ms
172.64.148.0/24,SJC,550 ms
172.66.43.0/24,SJC,551 ms
104.19.46.0/24,SJC,552 ms
104.20.220.0/24,SJC,552 ms
104.20.37.0/24,SJC,552 ms
104.27.13.0/24,SJC,552 ms
104.20.119.0/24,SJC,552 ms
104.24.242.0/24,SJC,553 ms
104.21.14.0/24,SJC,553 ms
104.20.105.0/24,SJC,553 ms
104.21.215.0/24,SJC,554 ms
104.27.86.0/24,SJC,554 ms
104.20.226.0/24,SJC,554 ms
104.19.8.0/24,SJC,555 ms
104.20.140.0/24,SJC,555 ms
104.20.222.0/24,SJC,555 ms
104.20.134.0/24,SJC,556 ms
172.64.156.0/24,SJC,556 ms
104.21.226.0/24,SJC,557 ms
104.27.202.0/24,SJC,557 ms
104.20.90.0/24,SJC,557 ms
104.20.11.0/24,SJC,558 ms
104.27.89.0/24,SJC,558 ms
23.227.38.0/24,SJC,558 ms
104.21.222.0/24,SJC,558 ms
104.20.169.0/24,SJC,558 ms
104.21.202.0/24,SJC,558 ms
104.20.74.0/24,SJC,559 ms
104.20.112.0/24,SJC,559 ms
104.27.126.0/24,SJC,559 ms
104.24.240.0/24,SJC,559 ms
104.20.106.0/24,SJC,559 ms
104.22.36.0/24,SJC,561 ms
104.21.101.0/24,SJC,561 ms
104.20.163.0/24,SJC,561 ms
104.20.48.0/24,SJC,561 ms
104.19.172.0/24,SJC,561 ms
104.20.196.0/24,SJC,562 ms
104.19.99.0/24,SJC,563 ms
104.20.207.0/24,SJC,563 ms
172.64.155.0/24,SJC,564 ms
104.24.154.0/24,SJC,564 ms
104.21.6.0/24,SJC,564 ms
104.21.110.0/24,SJC,565 ms
104.21.112.0/24,SJC,565 ms
104.22.9.0/24,SJC,565 ms
104.27.114.0/24,SJC,566 ms
104.27.59.0/24,SJC,566 ms
104.27.79.0/24,SJC,567 ms
104.21.104.0/24,SJC,567 ms
104.20.142.0/24,SJC,568 ms
1.1.1.0/24,SJC,568 ms
172.67.91.0/24,SJC,568 ms
104.23.117.0/24,SJC,568 ms
104.20.67.0/24,SJC,568 ms
104.20.121.0/24,SJC,569 ms
172.67.145.0/24,SJC,569 ms
104.20.145.0/24,SJC,569 ms
104.20.154.0/24,SJC,570 ms
104.23.116.0/24,SJC,570 ms
104.19.65.0/24,SJC,571 ms
104.19.53.0/24,SJC,571 ms
104.20.238.0/24,SJC,572 ms
104.19.255.0/24,SJC,572 ms
104.21.121.0/24,SJC,573 ms
104.20.91.0/24,SJC,573 ms
104.20.195.0/24,SJC,573 ms
104.21.224.0/24,SJC,574 ms
104.21.228.0/24,SJC,575 ms
104.20.250.0/24,SJC,575 ms
104.20.168.0/24,SJC,575 ms
172.64.157.0/24,SJC,575 ms
104.20.129.0/24,SJC,575 ms
104.19.47.0/24,SJC,576 ms
104.21.114.0/24,SJC,576 ms
104.24.198.0/24,SJC,576 ms
104.20.99.0/24,SJC,576 ms
104.21.201.0/24,SJC,576 ms
104.20.72.0/24,SJC,576 ms
104.20.159.0/24,SJC,577 ms
104.19.228.0/24,SJC,577 ms
104.27.20.0/24,SJC,578 ms
104.20.253.0/24,SJC,578 ms
104.20.167.0/24,SJC,578 ms
104.22.12.0/24,SJC,578 ms
104.20.143.0/24,SJC,579 ms
104.21.218.0/24,SJC,579 ms
104.21.239.0/24,SJC,579 ms
104.21.74.0/24,SJC,579 ms
23.227.39.0/24,SJC,579 ms
104.21.105.0/24,SJC,580 ms
104.24.22.0/24,SJC,580 ms
104.21.5.0/24,SJC,580 ms
104.20.55.0/24,SJC,580 ms
104.27.6.0/24,SJC,580 ms
104.20.3.0/24,SJC,580 ms
104.20.197.0/24,SJC,581 ms
104.21.216.0/24,SJC,581 ms
104.20.79.0/24,SJC,581 ms
104.20.96.0/24,SJC,581 ms
104.21.109.0/24,SJC,581 ms
104.27.195.0/24,SJC,582 ms
104.27.29.0/24,SJC,582 ms
104.20.5.0/24,SJC,582 ms
104.20.124.0/24,SJC,582 ms
104.21.230.0/24,SJC,582 ms
104.21.120.0/24,SJC,582 ms
104.25.100.0/24,SJC,583 ms
104.20.232.0/24,SJC,583 ms
104.20.8.0/24,SJC,584 ms
104.20.205.0/24,SJC,584 ms
104.21.16.0/24,SJC,585 ms
172.64.89.0/24,SJC,585 ms
104.27.84.0/24,SJC,585 ms
104.27.198.0/24,SJC,585 ms
104.21.237.0/24,SJC,585 ms
104.19.3.0/24,SJC,585 ms
104.20.147.0/24,SJC,585 ms
104.20.138.0/24,SJC,585 ms
104.22.69.0/24,SJC,585 ms
104.20.123.0/24,SJC,585 ms
104.20.235.0/24,SJC,586 ms
104.20.80.0/24,SJC,586 ms
104.21.48.0/24,PDX,586 ms
104.21.231.0/24,SJC,586 ms
104.20.58.0/24,SJC,587 ms
104.20.45.0/24,SJC,587 ms
104.20.6.0/24,SJC,588 ms
104.19.68.0/24,SJC,588 ms
104.20.249.0/24,SJC,588 ms
104.24.88.0/24,SJC,588 ms
104.22.11.0/24,SJC,588 ms
104.27.199.0/24,SJC,589 ms
104.20.97.0/24,SJC,589 ms
104.20.175.0/24,SJC,589 ms
104.19.98.0/24,SJC,589 ms
104.21.10.0/24,SJC,589 ms
104.21.61.0/24,PDX,589 ms
104.20.51.0/24,SJC,589 ms
104.20.199.0/24,SJC,589 ms
104.27.56.0/24,SJC,590 ms
104.22.68.0/24,SJC,590 ms
104.20.54.0/24,SJC,590 ms
104.27.125.0/24,SJC,590 ms
104.20.186.0/24,SJC,590 ms
104.21.200.0/24,PDX,590 ms
104.21.225.0/24,SJC,591 ms
104.20.212.0/24,SJC,591 ms
104.20.32.0/24,SJC,591 ms
104.24.82.0/24,SJC,591 ms
104.20.193.0/24,SJC,591 ms
104.20.64.0/24,SJC,592 ms
172.64.150.0/24,SJC,592 ms
172.64.151.0/24,SJC,593 ms
104.27.15.0/24,SJC,593 ms
104.20.213.0/24,SJC,593 ms
104.19.85.0/24,SJC,593 ms
104.21.212.0/24,SJC,593 ms
104.21.11.0/24,SJC,593 ms
104.20.189.0/24,SJC,593 ms
104.20.234.0/24,SJC,593 ms
104.19.41.0/24,SJC,593 ms
104.20.70.0/24,SJC,594 ms
104.20.57.0/24,SJC,594 ms
104.27.7.0/24,SJC,594 ms
104.20.216.0/24,SJC,594 ms
104.22.13.0/24,SJC,595 ms
104.20.114.0/24,SJC,595 ms
172.64.88.0/24,SJC,595 ms
104.20.248.0/24,SJC,595 ms
172.64.159.0/24,SJC,596 ms
104.20.141.0/24,SJC,596 ms
104.20.73.0/24,SJC,596 ms
104.23.121.0/24,SJC,596 ms
104.20.188.0/24,SJC,597 ms
104.27.193.0/24,SJC,597 ms
104.20.42.0/24,SJC,597 ms
104.20.120.0/24,SJC,597 ms
172.64.91.0/24,SJC,598 ms
104.22.40.0/24,SJC,598 ms
104.19.80.0/24,SJC,598 ms
104.20.227.0/24,SJC,599 ms
104.19.97.0/24,SJC,599 ms
104.20.34.0/24,SJC,599 ms
104.20.230.0/24,SJC,599 ms
104.20.219.0/24,SJC,599 ms
104.19.39.0/24,SJC,600 ms
104.20.43.0/24,SJC,600 ms
104.21.203.0/24,PDX,600 ms
104.21.102.0/24,SJC,600 ms
104.19.219.0/24,SJC,600 ms
104.27.204.0/24,SJC,601 ms
104.21.220.0/24,SJC,601 ms
104.27.18.0/24,SJC,601 ms
104.21.122.0/24,SJC,601 ms
104.21.68.0/24,SJC,602 ms
104.20.113.0/24,SJC,602 ms
104.21.123.0/24,SJC,602 ms
104.20.108.0/24,SJC,602 ms
104.21.13.0/24,SJC,603 ms
104.20.63.0/24,SJC,603 ms
104.20.71.0/24,SJC,603 ms
104.21.214.0/24,SJC,603 ms
104.20.202.0/24,SJC,603 ms
104.20.158.0/24,SJC,604 ms
104.20.40.0/24,SJC,604 ms
104.23.134.0/24,SJC,604 ms
104.20.150.0/24,SJC,604 ms
104.20.185.0/24,SJC,605 ms
104.23.139.0/24,SJC,605 ms
104.20.174.0/24,SJC,605 ms
104.21.217.0/24,SJC,605 ms
104.23.128.0/24,SJC,605 ms
172.67.109.0/24,SJC,605 ms
104.21.95.0/24,SJC,606 ms
104.20.126.0/24,SJC,606 ms
104.19.193.0/24,SJC,606 ms
172.67.241.0/24,SJC,606 ms
172.67.115.0/24,SJC,606 ms
104.20.180.0/24,SJC,607 ms
162.159.46.0/24,SJC,607 ms
104.21.196.0/24,PDX,608 ms
104.20.52.0/24,SJC,608 ms
104.20.153.0/24,SJC,609 ms
172.67.153.0/24,SJC,609 ms
104.19.253.0/24,SJC,610 ms
104.22.24.0/24,SJC,610 ms
104.20.69.0/24,SJC,610 ms
104.21.21.0/24,SJC,611 ms
172.67.228.0/24,SJC,611 ms
104.27.85.0/24,SJC,611 ms
104.20.44.0/24,SJC,611 ms
104.20.233.0/24,SJC,611 ms
104.19.72.0/24,SJC,612 ms
104.19.75.0/24,SJC,612 ms
104.19.23.0/24,SJC,613 ms
104.20.83.0/24,SJC,613 ms
104.27.70.0/24,SJC,613 ms
104.20.148.0/24,SJC,614 ms
172.67.7.0/24,SJC,614 ms
104.20.49.0/24,SJC,614 ms
104.20.215.0/24,SJC,614 ms
104.20.156.0/24,SJC,614 ms
104.23.130.0/24,SJC,614 ms
104.20.251.0/24,SJC,614 ms
104.27.27.0/24,SJC,615 ms
104.20.204.0/24,SJC,615 ms
172.64.145.0/24,SJC,616 ms
104.21.23.0/24,SJC,616 ms
104.20.87.0/24,SJC,616 ms
104.20.127.0/24,SJC,617 ms
104.24.245.0/24,SJC,617 ms
104.19.230.0/24,SJC,617 ms
104.20.240.0/24,SJC,618 ms
104.20.172.0/24,SJC,618 ms
104.19.69.0/24,SJC,620 ms
104.21.73.0/24,SJC,620 ms
104.27.26.0/24,SJC,620 ms
172.64.149.0/24,SJC,621 ms
104.21.125.0/24,SJC,621 ms
104.20.217.0/24,SJC,621 ms
104.20.181.0/24,SJC,621 ms
104.20.228.0/24,SJC,621 ms
104.20.182.0/24,SJC,622 ms
104.27.2.0/24,SJC,622 ms
104.20.146.0/24,SJC,623 ms
104.20.9.0/24,SJC,623 ms
104.22.73.0/24,SJC,624 ms
104.23.104.0/24,SJC,624 ms
104.19.196.0/24,SJC,624 ms
104.25.149.0/24,SJC,625 ms
104.22.2.0/24,SJC,626 ms
104.20.117.0/24,SJC,626 ms
104.20.132.0/24,SJC,627 ms
104.21.111.0/24,SJC,628 ms
104.22.22.0/24,SJC,628 ms
104.20.241.0/24,SJC,629 ms
172.64.144.0/24,SJC,629 ms
104.19.91.0/24,SJC,630 ms
104.20.164.0/24,SJC,630 ms
104.24.52.0/24,SJC,630 ms
104.19.178.0/24,SJC,631 ms
104.24.185.0/24,SJC,631 ms
104.20.118.0/24,SJC,631 ms
104.20.122.0/24,SJC,631 ms
104.19.190.0/24,SJC,633 ms
104.20.144.0/24,SJC,633 ms
104.20.109.0/24,SJC,634 ms
104.19.184.0/24,SJC,634 ms
104.21.205.0/24,SJC,634 ms
104.20.254.0/24,SJC,635 ms
104.20.133.0/24,SJC,636 ms
104.27.192.0/24,SJC,636 ms
104.21.197.0/24,SJC,636 ms
104.20.255.0/24,SJC,637 ms
104.27.201.0/24,SJC,640 ms
104.23.119.0/24,SJC,640 ms
104.20.192.0/24,SJC,641 ms
104.20.130.0/24,SJC,641 ms
104.19.19.0/24,SJC,641 ms
104.21.58.0/24,SJC,643 ms
104.24.173.0/24,SJC,645 ms
104.20.33.0/24,SJC,646 ms
104.19.84.0/24,SJC,647 ms
104.20.7.0/24,SJC,648 ms
104.20.194.0/24,SJC,648 ms
104.20.211.0/24,SJC,648 ms
104.19.195.0/24,SJC,648 ms
104.19.236.0/24,SJC,650 ms
104.19.180.0/24,SJC,650 ms
104.21.60.0/24,PDX,651 ms
104.23.136.0/24,SJC,651 ms
104.20.61.0/24,SJC,651 ms
104.22.21.0/24,SJC,652 ms
104.24.144.0/24,SJC,652 ms
104.21.219.0/24,SJC,652 ms
104.20.162.0/24,SJC,654 ms
104.22.35.0/24,SJC,654 ms
104.20.68.0/24,SJC,655 ms
172.67.42.0/24,SJC,656 ms
104.20.131.0/24,SJC,659 ms
104.25.194.0/24,SJC,659 ms
104.20.39.0/24,SJC,661 ms
104.20.223.0/24,SJC,662 ms
104.19.189.0/24,SJC,665 ms
104.27.25.0/24,SJC,666 ms
172.67.9.0/24,SJC,668 ms
172.67.144.0/24,SJC,669 ms
104.27.43.0/24,SJC,671 ms
104.20.85.0/24,SJC,673 ms
104.21.70.0/24,SJC,676 ms
172.64.147.0/24,SJC,680 ms
104.20.137.0/24,SJC,682 ms
104.27.97.0/24,SJC,683 ms
104.20.104.0/24,SJC,683 ms
104.19.242.0/24,SJC,692 ms
104.19.198.0/24,SJC,693 ms
104.27.197.0/24,SJC,699 ms
104.20.149.0/24,SJC,699 ms
104.22.39.0/24,SJC,702 ms
104.21.227.0/24,SJC,886 ms
104.22.6.0/24,SJC,893 ms
104.19.28.0/24,SJC,906 ms
104.27.127.0/24,SJC,916 ms
104.20.88.0/24,SJC,957 ms
104.20.166.0/24,SJC,957 ms
104.20.231.0/24,SJC,962 ms
104.20.176.0/24,SJC,980 ms
104.25.87.0/24,SJC,987 ms
104.25.181.0/24,SJC,1039 ms
104.25.196.0/24,SJC,1216 ms
104.21.56.0/24,LAX,1369 ms
104.21.12.0/24,SJC,1384 ms
104.21.1.0/24,SJC,1390 ms
104.21.238.0/24,SJC,1397 ms
162.159.38.0/24,LAX,1411 ms
172.67.195.0/24,LAX,1417 ms
172.67.187.0/24,LAX,1419 ms
172.67.197.0/24,LAX,1447 ms
104.26.1.0/24,HKG,1461 ms
172.67.192.0/24,SEA,1466 ms
104.26.13.0/24,HKG,1471 ms
104.20.24.0/24,HKG,1479 ms
104.20.28.0/24,HKG,1485 ms
104.26.10.0/24,HKG,1491 ms
172.67.193.0/24,LAX,1502 ms
104.23.111.0/24,SJC,1503 ms
104.24.146.0/24,SJC,1513 ms
104.19.88.0/24,SJC,1515 ms
104.27.39.0/24,SJC,1516 ms
104.20.35.0/24,SJC,1518 ms
104.27.67.0/24,SJC,1522 ms
104.22.46.0/24,SJC,1525 ms
104.21.66.0/24,SJC,1530 ms
104.27.124.0/24,SJC,1532 ms
104.27.76.0/24,SJC,1532 ms
104.20.1.0/24,SJC,1536 ms
104.25.142.0/24,SJC,1542 ms
104.19.78.0/24,SJC,1543 ms
104.24.35.0/24,SJC,1543 ms
104.22.47.0/24,SJC,1544 ms
104.27.116.0/24,SJC,1547 ms
104.21.15.0/24,SJC,1547 ms
104.23.100.0/24,SJC,1548 ms
104.23.127.0/24,SJC,1549 ms
104.20.247.0/24,SJC,1550 ms
104.27.90.0/24,SJC,1551 ms
104.25.88.0/24,SJC,1551 ms
104.20.236.0/24,SJC,1551 ms
104.24.43.0/24,SJC,1552 ms
104.27.91.0/24,SJC,1552 ms
104.27.203.0/24,SJC,1553 ms
104.19.64.0/24,SJC,1555 ms
104.19.207.0/24,SJC,1556 ms
104.24.84.0/24,SJC,1557 ms
104.27.41.0/24,SJC,1558 ms
104.27.93.0/24,SJC,1558 ms
104.20.201.0/24,SJC,1559 ms
172.67.6.0/24,SJC,1559 ms
104.19.66.0/24,SJC,1559 ms
172.67.108.0/24,SJC,1559 ms
104.19.79.0/24,SJC,1560 ms
162.159.36.0/24,SJC,1561 ms
104.23.131.0/24,SJC,1561 ms
104.21.232.0/24,SJC,1561 ms
1.0.0.0/24,SJC,1563 ms
104.22.44.0/24,SJC,1564 ms
104.27.50.0/24,SJC,1564 ms
104.27.88.0/24,SJC,1564 ms
104.25.103.0/24,SJC,1565 ms
104.23.126.0/24,SJC,1567 ms
104.21.29.0/24,SJC,1567 ms
104.24.166.0/24,SJC,1567 ms
172.67.128.0/24,SJC,1570 ms
104.19.90.0/24,SJC,1570 ms
104.20.244.0/24,SJC,1570 ms
104.22.3.0/24,SJC,1571 ms
104.24.192.0/24,SJC,1572 ms
104.22.15.0/24,SJC,1572 ms
104.19.81.0/24,SJC,1573 ms
172.67.121.0/24,SJC,1574 ms
104.24.168.0/24,SJC,1574 ms
104.21.124.0/24,SJC,1575 ms
104.19.164.0/24,SJC,1577 ms
104.23.142.0/24,SJC,1578 ms
104.27.57.0/24,SJC,1578 ms
104.21.213.0/24,SJC,1579 ms
104.27.200.0/24,SJC,1583 ms
104.21.75.0/24,SJC,1584 ms
104.27.53.0/24,SJC,1585 ms
104.19.93.0/24,SJC,1585 ms
104.19.96.0/24,SJC,1585 ms
104.20.252.0/24,SJC,1586 ms
104.21.119.0/24,SJC,1586 ms
104.20.237.0/24,SJC,1586 ms
104.21.46.0/24,SJC,1587 ms
104.19.74.0/24,SJC,1590 ms
172.67.127.0/24,SJC,1591 ms
104.19.95.0/24,SJC,1592 ms
104.27.118.0/24,SJC,1592 ms
104.21.34.0/24,SJC,1592 ms
104.22.75.0/24,SJC,1592 ms
104.27.87.0/24,SJC,1593 ms
104.24.85.0/24,SJC,1594 ms
104.21.118.0/24,SJC,1594 ms
104.27.119.0/24,SJC,1595 ms
104.19.62.0/24,SJC,1595 ms
104.24.83.0/24,SJC,1595 ms
104.23.143.0/24,SJC,1596 ms
104.20.210.0/24,SJC,1596 ms
104.21.4.0/24,SJC,1597 ms
104.27.55.0/24,SJC,1597 ms
104.22.20.0/24,SJC,1598 ms
104.20.56.0/24,SJC,1598 ms
104.20.38.0/24,SJC,1598 ms
104.21.67.0/24,SJC,1599 ms
104.27.205.0/24,SJC,1601 ms
104.25.43.0/24,SJC,1602 ms
104.21.20.0/24,SJC,1602 ms
104.19.92.0/24,SJC,1602 ms
104.25.195.0/24,SJC,1603 ms
104.21.8.0/24,SJC,1604 ms
104.27.110.0/24,SJC,1604 ms
104.22.14.0/24,SJC,1605 ms
104.22.25.0/24,SJC,1605 ms
104.27.10.0/24,SJC,1605 ms
104.19.9.0/24,SJC,1606 ms
104.27.109.0/24,SJC,1606 ms
104.27.33.0/24,SJC,1606 ms
104.20.100.0/24,SJC,1606 ms
104.24.33.0/24,SJC,1607 ms
104.20.75.0/24,SJC,1608 ms
104.27.47.0/24,SJC,1608 ms
104.27.66.0/24,SJC,1608 ms
104.25.180.0/24,SJC,1609 ms
104.27.24.0/24,SJC,1609 ms
104.27.5.0/24,SJC,1609 ms
104.21.72.0/24,SJC,1610 ms
172.67.126.0/24,SJC,1610 ms
172.67.224.0/24,SJC,1611 ms
104.22.74.0/24,SJC,1613 ms
104.20.157.0/24,SJC,1613 ms
104.20.10.0/24,SJC,1614 ms
104.24.215.0/24,SJC,1614 ms
104.19.175.0/24,SJC,1614 ms
104.20.183.0/24,SJC,1615 ms
104.24.53.0/24,SJC,1619 ms
104.19.83.0/24,SJC,1619 ms
104.20.209.0/24,SJC,1620 ms
172.67.125.0/24,SJC,1620 ms
104.20.245.0/24,SJC,1621 ms
172.64.81.0/24,SJC,1622 ms
104.19.123.0/24,SJC,1622 ms
172.67.43.0/24,SJC,1623 ms
104.24.227.0/24,SJC,1624 ms
104.21.106.0/24,SJC,1624 ms
104.21.69.0/24,SJC,1625 ms
104.21.64.0/24,SJC,1625 ms
104.23.138.0/24,SJC,1626 ms
104.21.17.0/24,SJC,1626 ms
172.64.158.0/24,SJC,1626 ms
104.19.87.0/24,SJC,1627 ms
104.24.165.0/24,SJC,1627 ms
104.21.18.0/24,SJC,1627 ms
104.19.82.0/24,SJC,1628 ms
104.19.89.0/24,SJC,1629 ms
103.21.244.0/24,SJC,1629 ms
104.22.16.0/24,SJC,1630 ms
104.27.11.0/24,SJC,1631 ms
104.20.2.0/24,SJC,1631 ms
172.66.40.0/24,SJC,1631 ms
104.19.152.0/24,SJC,1633 ms
104.20.214.0/24,SJC,1633 ms
104.27.100.0/24,SJC,1633 ms
104.25.225.0/24,SJC,1634 ms
104.27.95.0/24,SJC,1634 ms
104.19.145.0/24,SJC,1634 ms
104.24.211.0/24,SJC,1635 ms
173.245.49.0/24,SJC,1636 ms
104.27.4.0/24,SJC,1636 ms
104.20.78.0/24,SJC,1637 ms
104.20.65.0/24,SJC,1639 ms
104.21.26.0/24,SJC,1643 ms
104.19.94.0/24,SJC,1643 ms
104.21.65.0/24,SJC,1643 ms
104.23.108.0/24,SJC,1644 ms
104.21.79.0/24,SJC,1645 ms
172.67.186.0/24,SJC,1647 ms
104.23.132.0/24,SJC,1649 ms
104.23.135.0/24,SJC,1652 ms
104.19.73.0/24,SJC,1653 ms
104.25.56.0/24,SJC,1654 ms
104.24.234.0/24,SJC,1654 ms
104.19.63.0/24,SJC,1655 ms
104.21.80.0/24,SJC,1656 ms
172.67.104.0/24,SJC,1657 ms
104.20.224.0/24,SJC,1659 ms
104.27.122.0/24,SJC,1661 ms
104.19.38.0/24,SJC,1662 ms
104.20.89.0/24,SJC,1663 ms
172.64.94.0/24,SJC,1666 ms
104.20.203.0/24,SJC,1667 ms
104.19.70.0/24,SJC,1671 ms
104.27.37.0/24,SJC,1674 ms
104.27.81.0/24,SJC,1676 ms
104.21.223.0/24,SJC,1676 ms
104.21.117.0/24,SJC,1677 ms
104.19.121.0/24,SJC,1679 ms
104.21.91.0/24,SJC,1683 ms
104.19.7.0/24,SJC,1684 ms
104.19.86.0/24,SJC,1684 ms
104.19.71.0/24,SJC,1690 ms
104.23.141.0/24,SJC,1694 ms
104.20.95.0/24,SJC,1694 ms
104.19.76.0/24,SJC,1694 ms
104.23.140.0/24,SJC,1701 ms
104.21.77.0/24,SJC,1777 ms
104.20.41.0/24,SJC,1780 ms
104.24.142.0/24,SJC,1789 ms
104.27.21.0/24,SJC,1798 ms
172.67.223.0/24,SJC,1810 ms
104.21.108.0/24,SJC,1825 ms
104.19.225.0/24,SJC,1846 ms
104.19.136.0/24,SJC,1903 ms
104.22.7.0/24,SJC,1916 ms
104.21.107.0/24,SJC,1919 ms
104.22.72.0/24,SJC,1923 ms
104.22.4.0/24,SJC,1929 ms
104.20.14.0/24,SJC,1953 ms
104.21.9.0/24,SJC,1960 ms
104.27.196.0/24,SJC,1961 ms
104.27.61.0/24,SJC,1975 ms
104.20.47.0/24,SJC,2007 ms
104.27.112.0/24,SJC,2009 ms
172.64.92.0/24,SJC,2010 ms
104.20.152.0/24,SJC,2011 ms
104.24.34.0/24,SJC,2014 ms